id,baslik,url,metin,kitap_adi,yayin_yili,donem,metin_uzunluk,kelime_sayisi
1,Bir Gün Anlarsın Şiiri - Ümit Yaşar Oğuzcan,https://www.antoloji.com/bir-gun-anlarsin-siiri/,,,,Belirsiz,0,0
2,Aşk Okudum - Aşk Dokudum,https://www.antoloji.com/ask-okudum-ask-dokudum-siiri/,,,,Belirsiz,0,0
3,beni-unutma Şiiri - Ümit Yaşar Oğuzcan,https://www.antoloji.com/beni-unutma-siiri/,,,,Belirsiz,0,0
4,İstanbul Şiiri - Ümit Yaşar Oğuzcan,https://www.antoloji.com/istanbul-33-siiri/,,,,Belirsiz,0,0
5,Aşk Başlamadan Güzel,https://www.antoloji.com/ask-baslamadan-guzel-siiri/,,,,Belirsiz,0,0
6,Acılar Denizi Şiiri - Ümit Yaşar Oğuzcan,https://www.antoloji.com/acilar-denizi-siiri/,,,,Belirsiz,0,0
7,Dağ Rüzgarı Şiiri - Ümit Yaşar Oğuzcan,https://www.antoloji.com/dag-ruzgari-siiri/,,,,Belirsiz,0,0
8,Sevi Şiiri Şiiri - Ümit Yaşar Oğuzcan,https://www.antoloji.com/sevi-siiri-siiri/,,,,Belirsiz,0,0
9,Ben Seni Sevdim Mi?,https://www.antoloji.com/ben-seni-sevdim-mi-siiri/,,,,Belirsiz,0,0
10,Mustafa Kemal'i Düşünüyorum,https://www.antoloji.com/mustafa-kemal-i-dusunuyorum-siiri/,,,,Belirsiz,0,0
11,Milyon Kere Ayten Şiiri - Ümit Yaşar Oğu ...,https://www.antoloji.com/milyon-kere-ayten-siiri/,,,,Belirsiz,0,0
12,Unutamiyorum Şiiri - Ümit Yaşar Oğuzcan,https://www.antoloji.com/unutamiyorum-siiri/,,,,Belirsiz,0,0
13,Unutma ki Şiiri - Ümit Yaşar Oğuzcan,https://www.antoloji.com/unutma-ki-siiri/,,,,Belirsiz,0,0
14,Aldanış Şiiri - Ümit Yaşar Oğuzcan,https://www.antoloji.com/aldanis-siiri/,,,,Belirsiz,0,0
15,Her Gün Seninle Şiiri - Ümit Yaşar Oğuzcan,https://www.antoloji.com/her-gun-seninle-siiri/,,,,Belirsiz,0,0
16,2 Şiiri - Ümit Yaşar Oğuzcan,https://www.antoloji.com/2-15-siiri/,,,,Belirsiz,0,0
17,Bir Gece Ansızın Gelebilirim,https://www.antoloji.com/bir-gece-ansizin-gelebilirim-siiri/,,,,Belirsiz,0,0
18,Dost Bildiklerim Şiiri - Ümit Yaşar Oğuzcan,https://www.antoloji.com/dost-bildiklerim-siiri/,,,,Belirsiz,0,0
19,Ayrılanlar İçin Şiiri - Ümit Yaşar Oğuzcan,https://www.antoloji.com/ayrilanlar-icin-siiri/,,,,Belirsiz,0,0
20,Bekleyenler İçin Şiiri - Ümit Yaşar Oğuzcan,https://www.antoloji.com/bekleyenler-icin-siiri/,,,,Belirsiz,0,0
21,İmkansız Aşk Şiiri - Ümit Yaşar Oğuzcan,https://www.antoloji.com/imkansiz-ask-130-siiri/,,,,Belirsiz,0,0
22,En Eski Yalnızlığımdır Aşk Benim,https://www.antoloji.com/en-eski-yalnizligimdir-ask-benim-siiri/,,,,Belirsiz,0,0
23,Kum Şiiri - Ümit Yaşar Oğuzcan,https://www.antoloji.com/kum-siiri/,,,,Belirsiz,0,0
24,Dost Koşması Şiiri - Ümit Yaşar Oğuzcan,https://www.antoloji.com/dost-kosmasi-siiri/,,,,Belirsiz,0,0
25,Affet Beni Şiiri - Ümit Yaşar Oğuzcan,https://www.antoloji.com/affet-beni-3-siiri/,,,,Belirsiz,0,0
26,Aşkmıydı O? Şiiri - Ümit Yaşar Oğuzcan,https://www.antoloji.com/askmiydi-o-siiri/,,,,Belirsiz,0,0
27,Beşinci Mektup Şiiri - Ümit Yaşar Oğuzcan,https://www.antoloji.com/besinci-mektup-siiri/,,,,Belirsiz,0,0
28,Aşk Çizgisi Şiiri - Ümit Yaşar Oğuzcan,https://www.antoloji.com/ask-cizgisi-siiri/,,,,Belirsiz,0,0
29,Altıncı Mektup Şiiri - Ümit Yaşar Oğuzcan,https://www.antoloji.com/altinci-mektup-siiri/,,,,Belirsiz,0,0
30,Yağmur Altında Öpüşmek,https://www.antoloji.com/yagmur-altinda-opusmek-siiri/,,,,Belirsiz,0,0
31,Türk İnsanlığı Şiiri - Önder Karaçay,https://www.antoloji.com/turk-insanligi-siiri/,,E-Kitap,,Belirsiz,0,0
32,Yaşam İnsana Ektiğini Biçtirir,https://www.antoloji.com/yasam-insana-ektigini-bictirir-siiri/,,E-Kitap,,Belirsiz,0,0
33,Kutlu olsun Şiiri - Ahmet Arslan Hadimi,https://www.antoloji.com/kutlu-olsun-79-siiri/,,,,Belirsiz,0,0
34,Sensiz Şehirler Şiiri - Kudret Kobal,https://www.antoloji.com/sensiz-sehir-7-siiri/,,E-Kitap,,Belirsiz,0,0
35,Davet*,https://www.antoloji.com/davet-300-siiri/,,,,Belirsiz,0,0
36,Karanlığın Gözleri Şiiri - Ümit Yaşar Oğ ...,https://www.antoloji.com/karanligin-gozleri-siiri/,,,,Belirsiz,0,0
37,Aşk Fısıltıları Şiiri - Ümit Yaşar Oğuzcan,https://www.antoloji.com/ask-fisiltilari-siiri/,,,,Belirsiz,0,0
38,Beni Kör Kuyularda Şiiri - Ümit Yaşar Oğ ...,https://www.antoloji.com/beni-kor-kuyularda-siiri/,,,,Belirsiz,0,0
39,Köpek Yalnızlığım Şiiri - Ümit Yaşar Oğu ...,https://www.antoloji.com/kopek-yalnizligim-siiri/,,,,Belirsiz,0,0
40,Sevgi Çıkmazı Şiiri - Ümit Yaşar Oğuzcan,https://www.antoloji.com/sevgi-cikmazi-siiri/,,,,Belirsiz,0,0
41,Bana Bir Şarkı Söyle,https://www.antoloji.com/bana-bir-sarki-soyle-siiri/,,,,Belirsiz,0,0
42,Adak Şiiri - Ümit Yaşar Oğuzcan,https://www.antoloji.com/adak-siiri/,,,,Belirsiz,0,0
43,Andıkça Şiiri - Ümit Yaşar Oğuzcan,https://www.antoloji.com/andikca-siiri/,,,,Belirsiz,0,0
44,Her Gece Sen Şiiri - Ümit Yaşar Oğuzcan,https://www.antoloji.com/her-gece-sen-siiri/,,,,Belirsiz,0,0
45,Aşk Şairi Şiiri - Ümit Yaşar Oğuzcan,https://www.antoloji.com/ask-sairi-siiri/,,,,Belirsiz,0,0
46,Abanoz Sokağı Şiiri - Ümit Yaşar Oğuzcan,https://www.antoloji.com/abanoz-sokagi-siiri/,,,,Belirsiz,0,0
47,Dostlar Seni Unutur Mu,https://www.antoloji.com/dostlar-seni-unutur-mu-siiri/,,,,Belirsiz,0,0
48,Bir Gün Şiiri - Ümit Yaşar Oğuzcan,https://www.antoloji.com/bir-gun-3-siiri/,,,,Belirsiz,0,0
49,A Şiiri - Ümit Yaşar Oğuzcan,https://www.antoloji.com/a-3-siiri/,,,,Belirsiz,0,0
50,Zaman İçinde Şiiri - Ümit Yaşar Oğuzcan,https://www.antoloji.com/zaman-icinde-siiri/,,,,Belirsiz,0,0
51,Üstüme Varma İstanbul,https://www.antoloji.com/ustume-varma-istanbul-siiri/,,,,Belirsiz,0,0
52,Ben Eylül Sen Haziran,https://www.antoloji.com/ben-eylul-sen-haziran-siiri/,,,,Belirsiz,0,0
53,Ayrılırken Şiiri - Ümit Yaşar Oğuzcan,https://www.antoloji.com/ayrilirken-siiri/,,,,Belirsiz,0,0
54,Anı Şiiri - Ümit Yaşar Oğuzcan,https://www.antoloji.com/ani-4-siiri/,,,,Belirsiz,0,0
55,Gerçekten Sevmek Şiiri - Ümit Yaşar Oğuzcan,https://www.antoloji.com/gercekten-sevmek-siiri/,,,,Belirsiz,0,0
56,Aşktı O Şiiri - Ümit Yaşar Oğuzcan,https://www.antoloji.com/askti-o-siiri/,,,,Belirsiz,0,0
57,Yokluğun Her Dakika Ölüm Demek Gitme Kal,https://www.antoloji.com/yoklugun-her-dakika-olum-demek-gitme-kal-siiri/,,,,Belirsiz,0,0
58,Bir Başka İstanbul Şiiri - Ümit Yaşar Oğ ...,https://www.antoloji.com/bir-baska-istanbul-siiri/,,,,Belirsiz,0,0
59,Ayrılık Günü Şiiri - Ümit Yaşar Oğuzcan,https://www.antoloji.com/ayrilik-gunu-siiri/,,,,Belirsiz,0,0
60,Arayış Şiiri - Ümit Yaşar Oğuzcan,https://www.antoloji.com/arayis-siiri/,,,,Belirsiz,0,0
61,Bilir Misin Şiiri - Ümit Yaşar Oğuzcan,https://www.antoloji.com/bilir-misin-3-siiri/,,,,Belirsiz,0,0
62,Aynalardan Uzakta Şiiri - Ümit Yaşar Oğu ...,https://www.antoloji.com/aynalardan-uzakta-siiri/,,,,Belirsiz,0,0
63,Bir Pınarsın İçilen Ama Hiç Kanılmayan,https://www.antoloji.com/bir-pinarsin-icilen-ama-hic-kanilmayan-siiri/,,,,Belirsiz,0,0
64,İstanbul Dedim de Seni Hatırladım,https://www.antoloji.com/istanbul-dedim-de-seni-hatirladim-siiri/,,,,Belirsiz,0,0
65,Aşkımızın Son Çarşambası,https://www.antoloji.com/askimizin-son-carsambasi-siiri/,,,,Belirsiz,0,0
66,Türk İnsanlığı Şiiri - Önder Karaçay,https://www.antoloji.com/turk-insanligi-siiri/,,E-Kitap,,Belirsiz,0,0
67,Yaşam İnsana Ektiğini Biçtirir,https://www.antoloji.com/yasam-insana-ektigini-bictirir-siiri/,,E-Kitap,,Belirsiz,0,0
68,Kutlu olsun Şiiri - Ahmet Arslan Hadimi,https://www.antoloji.com/kutlu-olsun-79-siiri/,,,,Belirsiz,0,0
69,Sensiz Şehirler Şiiri - Kudret Kobal,https://www.antoloji.com/sensiz-sehir-7-siiri/,,E-Kitap,,Belirsiz,0,0
70,Davet*,https://www.antoloji.com/davet-300-siiri/,,,,Belirsiz,0,0
71,Gözlerim Gözlerinde,https://www.antoloji.com/gozlerim-gozlerinde-siiri/,,,,Belirsiz,0,0
72,Farzet Ki Şiiri - Ümit Yaşar Oğuzcan,https://www.antoloji.com/farzet-ki-siiri/,,,,Belirsiz,0,0
73,Bir Dost İçin Sone Şiiri - Ümit Yaşar Oğ ...,https://www.antoloji.com/bir-dost-icin-sone-siiri/,,,,Belirsiz,0,0
74,İş İşten Geçtikten Sonra,https://www.antoloji.com/is-isten-gectikten-sonra-siiri/,,,,Belirsiz,0,0
75,Ayten'in sonu Şiiri - Ümit Yaşar Oğuzcan,https://www.antoloji.com/ayten-in-sonu-siiri/,,,,Belirsiz,0,0
76,Ayna Şiiri - Ümit Yaşar Oğuzcan,https://www.antoloji.com/ayna-10-siiri/,,,,Belirsiz,0,0
77,Bir Gün Kapına Gelsem,https://www.antoloji.com/bir-gun-kapina-gelsem-siiri/,,,,Belirsiz,0,0
78,İspanyol Meyhanesi Şiiri - Ümit Yaşar Oğ ...,https://www.antoloji.com/ispanyol-meyhanesi-siiri/,,,,Belirsiz,0,0
79,Yaşayan Ölü Şiiri - Ümit Yaşar Oğuzcan,https://www.antoloji.com/yasayan-olu-siiri/,,,,Belirsiz,0,0
80,Anılarda Yaşarken Şiiri - Ümit Yaşar Oğu ...,https://www.antoloji.com/anilarda-yasarken-siiri/,,,,Belirsiz,0,0
81,Donlara Destan Şiiri - Ümit Yaşar Oğuzcan,https://www.antoloji.com/donlara-destan-siiri/,,,,Belirsiz,0,0
82,Aşka Dönüş Şiiri - Ümit Yaşar Oğuzcan,https://www.antoloji.com/aska-donus-siiri/,,,,Belirsiz,0,0
83,Ağıt Şiiri - Ümit Yaşar Oğuzcan,https://www.antoloji.com/agit-2-siiri/,,,,Belirsiz,0,0
84,Satılık Şiir Şiiri - Ümit Yaşar Oğuzcan,https://www.antoloji.com/satilik-siir-siiri/,,,,Belirsiz,0,0
85,Açık Arttırma Şiiri - Ümit Yaşar Oğuzcan,https://www.antoloji.com/acik-arttirma-siiri/,,,,Belirsiz,0,0
86,Ölüm Gelmişse Şiiri - Ümit Yaşar Oğuzcan,https://www.antoloji.com/olum-gelmisse-siiri/,,,,Belirsiz,0,0
87,Belki Bir Gün Duyarsın Diye,https://www.antoloji.com/belki-bir-gun-duyarsin-diye-siiri/,,,,Belirsiz,0,0
88,Bir Ayrılık Gününde,https://www.antoloji.com/bir-ayrilik-gununde-siiri/,,,,Belirsiz,0,0
89,Beyaz Güvercin Şiiri - Ümit Yaşar Oğuzcan,https://www.antoloji.com/beyaz-guvercin-siiri/,,,,Belirsiz,0,0
90,Senden Benden Önce Şiiri - Ümit Yaşar Oğ ...,https://www.antoloji.com/senden-benden-once-siiri/,,,,Belirsiz,0,0
91,Seninle Ölmek İstiyorum,https://www.antoloji.com/seninle-olmek-istiyorum-siiri/,,,,Belirsiz,0,0
92,İki Kişiye Bir Dünya (Senfonik Şiir),https://www.antoloji.com/iki-kisiye-bir-dunya-senfonik-siir-siiri/,,,,Belirsiz,0,0
93,İstanbul Neyin Nesi,https://www.antoloji.com/istanbul-neyin-nesi-siiri/,,,,Belirsiz,0,0
94,Rıhtımda Şiiri - Ümit Yaşar Oğuzcan,https://www.antoloji.com/rihtimda-siiri/,,,,Belirsiz,0,0
95,Karanlığın Çağırışı,https://www.antoloji.com/karanligin-cagirisi-siiri/,,,,Belirsiz,0,0
96,Bir Ateşim Yanarım Şiiri - Ümit Yaşar Oğ ...,https://www.antoloji.com/bir-atesim-yanarim-siiri/,,,,Belirsiz,0,0
97,Çok Sevmek Şiiri - Ümit Yaşar Oğuzcan,https://www.antoloji.com/cok-sevmek-siiri/,,,,Belirsiz,0,0
98,Ümitsiz Aşklar İçin,https://www.antoloji.com/umitsiz-asklar-icin-siiri/,,,,Belirsiz,0,0
99,Güzeldiniz Şiiri - Ümit Yaşar Oğuzcan,https://www.antoloji.com/guzeldiniz-siiri/,,,,Belirsiz,0,0
100,Türkiye'miz Şiiri - Ümit Yaşar Oğuzcan,https://www.antoloji.com/turkiye-miz-siiri/,,,,Belirsiz,0,0
101,Türk İnsanlığı Şiiri - Önder Karaçay,https://www.antoloji.com/turk-insanligi-siiri/,,E-Kitap,,Belirsiz,0,0
102,Yaşam İnsana Ektiğini Biçtirir,https://www.antoloji.com/yasam-insana-ektigini-bictirir-siiri/,,E-Kitap,,Belirsiz,0,0
103,Kutlu olsun Şiiri - Ahmet Arslan Hadimi,https://www.antoloji.com/kutlu-olsun-79-siiri/,,,,Belirsiz,0,0
104,Sensiz Şehirler Şiiri - Kudret Kobal,https://www.antoloji.com/sensiz-sehir-7-siiri/,,E-Kitap,,Belirsiz,0,0
105,Davet*,https://www.antoloji.com/davet-300-siiri/,,,,Belirsiz,0,0
106,Sana Bir Tanrı Getirdim,https://www.antoloji.com/sana-bir-tanri-getirdim-siiri/,,,,Belirsiz,0,0
107,Kadınlar İçin Sone Şiiri - Ümit Yaşar Oğ ...,https://www.antoloji.com/kadinlar-icin-sone-siiri/,,,,Belirsiz,0,0
108,Galata Kulesi Şiiri - Ümit Yaşar Oğuzcan,https://www.antoloji.com/galata-kulesi-siiri/,,,,Belirsiz,0,0
109,Aşktan önce Şiiri - Ümit Yaşar Oğuzcan,https://www.antoloji.com/asktan-once-siiri/,,,,Belirsiz,0,0
110,İnsan Bir Kere Ölür,https://www.antoloji.com/insan-bir-kere-olur-siiri/,,,,Belirsiz,0,0
111,Bildiğim Bir Şarkı Var,https://www.antoloji.com/bildigim-bir-sarki-var-siiri/,,,,Belirsiz,0,0
112,Bedri Rahmi Eyüboğlu,https://www.antoloji.com/bedri-rahmi-eyuboglu-siiri/,,,,Belirsiz,0,0
113,Bir Fotoğrafta Sen Şiiri - Ümit Yaşar Oğ ...,https://www.antoloji.com/bir-fotografta-sen-siiri/,,,,Belirsiz,0,0
114,İkinci Mektup Şiiri - Ümit Yaşar Oğuzcan,https://www.antoloji.com/ikinci-mektup-siiri/,,,,Belirsiz,0,0
115,Ne Zaman Ayrılık Saati Gelse,https://www.antoloji.com/ne-zaman-ayrilik-saati-gelse-siiri/,,,,Belirsiz,0,0
116,Bekleyen Şiiri - Ümit Yaşar Oğuzcan,https://www.antoloji.com/bekleyen-3-siiri/,,,,Belirsiz,0,0
117,Diyebilseydim Şiiri - Ümit Yaşar Oğuzcan,https://www.antoloji.com/diyebilseydim-siiri/,,,,Belirsiz,0,0
118,Çıkmaz Sokak Şiiri - Ümit Yaşar Oğuzcan,https://www.antoloji.com/cikmaz-sokak-158-siiri/,,,,Belirsiz,0,0
119,Bir Yerde Ölüm Güzel Oluyor,https://www.antoloji.com/bir-yerde-olum-guzel-oluyor-siiri/,,,,Belirsiz,0,0
120,Ya Sensizlik Ölmekse,https://www.antoloji.com/ya-sensizlik-olmekse-siiri/,,,,Belirsiz,0,0
121,Vietnam'lı Bir Çocuk İçin Ağıt,https://www.antoloji.com/vietnam-li-bir-cocuk-icin-agit-siiri/,,,,Belirsiz,0,0
122,Tanrı Bile Ağlar Şiiri - Ümit Yaşar Oğuzcan,https://www.antoloji.com/tanri-bile-aglar-siiri/,,,,Belirsiz,0,0
123,ben-sensiz-yasayamam,https://www.antoloji.com/ben-sensiz-yasayamam-siiri/,,,,Belirsiz,0,0
124,Benden Kurtulmak Şiiri - Ümit Yaşar Oğuzcan,https://www.antoloji.com/benden-kurtulmak-siiri/,,,,Belirsiz,0,0
125,Çaresiz Şiiri - Ümit Yaşar Oğuzcan,https://www.antoloji.com/caresiz-2-siiri/,,,,Belirsiz,0,0
126,Sen Aşk Nedir Bilmezdin,https://www.antoloji.com/sen-ask-nedir-bilmezdin-siiri/,,,,Belirsiz,0,0
127,Yaşanmamış Hatıralar,https://www.antoloji.com/yasanmamis-hatiralar-siiri/,,,,Belirsiz,0,0
128,Son Mektup Şiiri - Ümit Yaşar Oğuzcan,https://www.antoloji.com/son-mektup-siiri/,,,,Belirsiz,0,0
129,Esmer Şiiri - Ümit Yaşar Oğuzcan,https://www.antoloji.com/esmer-siiri/,,,,Belirsiz,0,0
130,Ahmet Muhip Dranas Şiiri - Ümit Yaşar Oğ ...,https://www.antoloji.com/ahmet-muhip-dranas-siiri/,,,,Belirsiz,0,0
131,Beyaz Gül Şiiri - Ümit Yaşar Oğuzcan,https://www.antoloji.com/beyaz-gul-3-siiri/,,,,Belirsiz,0,0
132,Kadın Göğsü Şiiri - Ümit Yaşar Oğuzcan,https://www.antoloji.com/kadin-gogsu-siiri/,,,,Belirsiz,0,0
133,Taş Şiiri - Ümit Yaşar Oğuzcan,https://www.antoloji.com/tas-3-siiri/,,,,Belirsiz,0,0
134,Sen Orada Ben Burada,https://www.antoloji.com/sen-orada-ben-burada-siiri/,,,,Belirsiz,0,0
135,Seni Arıyorum Şiiri - Ümit Yaşar Oğuzcan,https://www.antoloji.com/seni-ariyorum-siiri/,,,,Belirsiz,0,0
136,Türk İnsanlığı Şiiri - Önder Karaçay,https://www.antoloji.com/turk-insanligi-siiri/,,E-Kitap,,Belirsiz,0,0
137,Yaşam İnsana Ektiğini Biçtirir,https://www.antoloji.com/yasam-insana-ektigini-bictirir-siiri/,,E-Kitap,,Belirsiz,0,0
138,Kutlu olsun Şiiri - Ahmet Arslan Hadimi,https://www.antoloji.com/kutlu-olsun-79-siiri/,,,,Belirsiz,0,0
139,Sensiz Şehirler Şiiri - Kudret Kobal,https://www.antoloji.com/sensiz-sehir-7-siiri/,,E-Kitap,,Belirsiz,0,0
140,Davet*,https://www.antoloji.com/davet-300-siiri/,,,,Belirsiz,0,0
141,Dörtlükler (Rubailer),https://www.antoloji.com/dortlukler-rubailer-siiri/,,,,Belirsiz,0,0
142,Karanlık Deniz Şiiri - Ümit Yaşar Oğuzcan,https://www.antoloji.com/karanlik-deniz-siiri/,,,,Belirsiz,0,0
143,Ayrılık Saatleri Şiiri - Ümit Yaşar Oğuzcan,https://www.antoloji.com/ayrilik-saatleri-siiri/,,,,Belirsiz,0,0
144,İnan Şiiri - Ümit Yaşar Oğuzcan,https://www.antoloji.com/inan-3-siiri/,,,,Belirsiz,0,0
145,Pişmanlık Şiiri - Ümit Yaşar Oğuzcan,https://www.antoloji.com/pismanlik-3-siiri/,,,,Belirsiz,0,0
146,Üzgün Değilim Şiiri - Ümit Yaşar Oğuzcan,https://www.antoloji.com/uzgun-degilim-siiri/,,,,Belirsiz,0,0
147,İstanbul Yoktu Sen Olmasaydın,https://www.antoloji.com/istanbul-yoktu-sen-olmasaydin-siiri/,,,,Belirsiz,0,0
148,Sevgimin Yüceliğini Bilesin İstiyorum,https://www.antoloji.com/sevgimin-yuceligini-bilesin-istiyorum-siiri/,,,,Belirsiz,0,0
149,İmkansız Şeyler Şiiri - Ümit Yaşar Oğuzcan,https://www.antoloji.com/imkansiz-seyler-siiri/,,,,Belirsiz,0,0
150,Kol Kola Gezdiğimiz Islak Gecelerde Kal,https://www.antoloji.com/kol-kola-gezdigimiz-islak-gecelerde-kal-siiri/,,,,Belirsiz,0,0
151,Ne Yapsam Neyleysem Ne Söylesem,https://www.antoloji.com/ne-yapsam-neyleysem-ne-soylesem-siiri/,,,,Belirsiz,0,0
152,Büyük Yalnızlık Şiiri - Ümit Yaşar Oğuzcan,https://www.antoloji.com/buyuk-yalnizlik-siiri/,,,,Belirsiz,0,0
153,Serenad Şiiri - Ümit Yaşar Oğuzcan,https://www.antoloji.com/serenad-3-siiri/,,,,Belirsiz,0,0
154,Seven Bir Kadın İçin Sone,https://www.antoloji.com/seven-bir-kadin-icin-sone-siiri/,,,,Belirsiz,0,0
155,Sevilmiş Şiiri - Ümit Yaşar Oğuzcan,https://www.antoloji.com/sevilmis-siiri/,,,,Belirsiz,0,0
156,Senden Öncesi Yoktu,https://www.antoloji.com/senden-oncesi-yoktu-siiri/,,,,Belirsiz,0,0
157,Yalnızlığa Çağrı Şiiri - Ümit Yaşar Oğuzcan,https://www.antoloji.com/yalnizliga-cagri-siiri/,,,,Belirsiz,0,0
158,Mektup - II Şiiri - Ümit Yaşar Oğuzcan,https://www.antoloji.com/mektup-ii-siiri/,,,,Belirsiz,0,0
159,Soyunan Kadın Şiiri - Ümit Yaşar Oğuzcan,https://www.antoloji.com/soyunan-kadin-siiri/,,,,Belirsiz,0,0
160,Denize Kavuşan Nehir,https://www.antoloji.com/denize-kavusan-nehir-siiri/,,,,Belirsiz,0,0
161,Temenni Şiiri - Ümit Yaşar Oğuzcan,https://www.antoloji.com/temenni-3-siiri/,,,,Belirsiz,0,0
162,Paramparça İnsanlığımız,https://www.antoloji.com/paramparca-insanligimiz-siiri/,,,,Belirsiz,0,0
163,Benim Korkum Ölüm Değil,https://www.antoloji.com/benim-korkum-olum-degil-siiri/,,,,Belirsiz,0,0
164,Yoklukta Bir Adam Şiiri - Ümit Yaşar Oğu ...,https://www.antoloji.com/yoklukta-bir-adam-siiri/,,,,Belirsiz,0,0
165,Sensiz Olmak Şiiri - Ümit Yaşar Oğuzcan,https://www.antoloji.com/sensiz-olmak-siiri/,,,,Belirsiz,0,0
166,Deniz Musikisi Şiiri - Ümit Yaşar Oğuzcan,https://www.antoloji.com/deniz-musikisi-siiri/,,,,Belirsiz,0,0
167,Biz Kardeş Değiliz Şiiri - Ümit Yaşar Oğ ...,https://www.antoloji.com/biz-kardes-degiliz-siiri/,,,,Belirsiz,0,0
168,Senmisn Şiiri - Ümit Yaşar Oğuzcan,https://www.antoloji.com/senmisn-siiri/,,,,Belirsiz,0,0
169,Yemin Şiiri - Ümit Yaşar Oğuzcan,https://www.antoloji.com/yemin-3-siiri/,,,,Belirsiz,0,0
170,Gözlerde Sevişmek Şiiri - Ümit Yaşar Oğu ...,https://www.antoloji.com/gozlerde-sevismek-siiri/,,,,Belirsiz,0,0
171,Türk İnsanlığı Şiiri - Önder Karaçay,https://www.antoloji.com/turk-insanligi-siiri/,,E-Kitap,,Belirsiz,0,0
172,Yaşam İnsana Ektiğini Biçtirir,https://www.antoloji.com/yasam-insana-ektigini-bictirir-siiri/,,E-Kitap,,Belirsiz,0,0
173,Kutlu olsun Şiiri - Ahmet Arslan Hadimi,https://www.antoloji.com/kutlu-olsun-79-siiri/,,,,Belirsiz,0,0
174,Sensiz Şehirler Şiiri - Kudret Kobal,https://www.antoloji.com/sensiz-sehir-7-siiri/,,E-Kitap,,Belirsiz,0,0
175,Davet*,https://www.antoloji.com/davet-300-siiri/,,,,Belirsiz,0,0
176,Hiroşima Şiiri - Ümit Yaşar Oğuzcan,https://www.antoloji.com/hirosima-siiri/,,,,Belirsiz,0,0
177,O Benim İşte Şiiri - Ümit Yaşar Oğuzcan,https://www.antoloji.com/o-benim-iste-siiri/,,,,Belirsiz,0,0
178,Sevişmek Ayıp Değil,https://www.antoloji.com/sevismek-ayip-degil-siiri/,,,,Belirsiz,0,0
179,Islak Gül Şiiri - Ümit Yaşar Oğuzcan,https://www.antoloji.com/islak-gul-siiri/,,,,Belirsiz,0,0
180,Bir Akşam Getir Bana,https://www.antoloji.com/bir-aksam-getir-bana-siiri/,,,,Belirsiz,0,0
181,İstanbul Yalnızlığı,https://www.antoloji.com/istanbul-yalnizligi-siiri/,,,,Belirsiz,0,0
182,Cahit Külebi Şiiri - Ümit Yaşar Oğuzcan,https://www.antoloji.com/cahit-kulebi-siiri/,,,,Belirsiz,0,0
183,Batık Gemi Şiiri - Ümit Yaşar Oğuzcan,https://www.antoloji.com/batik-gemi-siiri/,,,,Belirsiz,0,0
184,Sevdalar Böyle Başlar,https://www.antoloji.com/sevdalar-boyle-baslar-siiri/,,,,Belirsiz,0,0
185,İnsan Bir Yerde Kendini Bırakmalı,https://www.antoloji.com/insan-bir-yerde-kendini-birakmali-siiri/,,,,Belirsiz,0,0
186,Oğul Koşması Şiiri - Ümit Yaşar Oğuzcan,https://www.antoloji.com/ogul-kosmasi-siiri/,,,,Belirsiz,0,0
187,Bu Şehir Şiiri - Ümit Yaşar Oğuzcan,https://www.antoloji.com/bu-sehir-2-siiri/,,,,Belirsiz,0,0
188,Önce Ellerin Şiiri - Ümit Yaşar Oğuzcan,https://www.antoloji.com/once-ellerin-siiri/,,,,Belirsiz,0,0
189,Yargılama Şiiri - Ümit Yaşar Oğuzcan,https://www.antoloji.com/yargilama-3-siiri/,,,,Belirsiz,0,0
190,Biraz Gelir Misiniz,https://www.antoloji.com/biraz-gelir-misiniz-siiri/,,,,Belirsiz,0,0
191,Sekizinci Mektup Şiiri - Ümit Yaşar Oğuzcan,https://www.antoloji.com/sekizinci-mektup-siiri/,,,,Belirsiz,0,0
192,Mektup Şiiri - Ümit Yaşar Oğuzcan,https://www.antoloji.com/mektup-8-siiri/,,,,Belirsiz,0,0
193,Giden Bir Ömre Gazel,https://www.antoloji.com/giden-bir-omre-gazel-siiri/,,,,Belirsiz,0,0
194,Otuz Beş Duvarı Şiiri - Ümit Yaşar Oğuzcan,https://www.antoloji.com/otuz-bes-duvari-siiri/,,,,Belirsiz,0,0
195,Bir Gün Kaldı Bize Yaşanacak,https://www.antoloji.com/bir-gun-kaldi-bize-yasanacak-siiri/,,,,Belirsiz,0,0
196,"Sen, Ağlama Şiiri - Ümit Yaşar Oğuzcan",https://www.antoloji.com/sen-aglama-siiri/,,,,Belirsiz,0,0
197,İkimiz mi Hemen mi Şiiri - Ümit Yaşar Oğ ...,https://www.antoloji.com/ikimiz-mi-hemen-mi-siiri/,,,,Belirsiz,0,0
198,İstanbul Işık Işık Şiiri - Ümit Yaşar Oğ ...,https://www.antoloji.com/istanbul-isik-isik-siiri/,,,,Belirsiz,0,0
199,Şiiristan Şiiri - Ümit Yaşar Oğuzcan,https://www.antoloji.com/siiristan-siiri/,,,,Belirsiz,0,0
200,Bir Daha Ölmek Şiiri - Ümit Yaşar Oğuzcan,https://www.antoloji.com/bir-daha-olmek-siiri/,,,,Belirsiz,0,0
201,Uzaktan Şiiri - Ümit Yaşar Oğuzcan,https://www.antoloji.com/uzaktan-siiri/,,,,Belirsiz,0,0
202,Ölümdü O Şiiri - Ümit Yaşar Oğuzcan,https://www.antoloji.com/olumdu-o-siiri/,,,,Belirsiz,0,0
203,Oğluma Ağıt Şiiri - Ümit Yaşar Oğuzcan,https://www.antoloji.com/ogluma-agit-siiri/,,,,Belirsiz,0,0
204,Kimdi o? Yanındaki kimdi?,https://www.antoloji.com/kimdi-o-yanindaki-kimdi-siiri/,,,,Belirsiz,0,0
205,Yalan Bitti Şiiri - Ümit Yaşar Oğuzcan,https://www.antoloji.com/yalan-bitti-siiri/,,,,Belirsiz,0,0
206,Türk İnsanlığı Şiiri - Önder Karaçay,https://www.antoloji.com/turk-insanligi-siiri/,,E-Kitap,,Belirsiz,0,0
207,Yaşam İnsana Ektiğini Biçtirir,https://www.antoloji.com/yasam-insana-ektigini-bictirir-siiri/,,E-Kitap,,Belirsiz,0,0
208,Kutlu olsun Şiiri - Ahmet Arslan Hadimi,https://www.antoloji.com/kutlu-olsun-79-siiri/,,,,Belirsiz,0,0
209,Sensiz Şehirler Şiiri - Kudret Kobal,https://www.antoloji.com/sensiz-sehir-7-siiri/,,E-Kitap,,Belirsiz,0,0
210,Davet*,https://www.antoloji.com/davet-300-siiri/,,,,Belirsiz,0,0
211,Bu Şehrin Hamamları,https://www.antoloji.com/bu-sehrin-hamamlari-siiri/,,,,Belirsiz,0,0
212,Seni Görmek Ne Güzel...,https://www.antoloji.com/seni-gormek-ne-guzel-siiri/,,,,Belirsiz,0,0
213,Bu Sehirin Meyhaneleri,https://www.antoloji.com/bu-sehirin-meyhaneleri-siiri/,,,,Belirsiz,0,0
214,Kurşun Yarası Şiiri - Ümit Yaşar Oğuzcan,https://www.antoloji.com/kursun-yarasi-siiri/,,,,Belirsiz,0,0
215,Unutamamak Şiiri - Ümit Yaşar Oğuzcan,https://www.antoloji.com/unutamamak-siiri/,,,,Belirsiz,0,0
216,Güllerin Ağladığı Saat,https://www.antoloji.com/gullerin-agladigi-saat-siiri/,,,,Belirsiz,0,0
217,Sonra Şiiri - Ümit Yaşar Oğuzcan,https://www.antoloji.com/sonra-3-siiri/,,,,Belirsiz,0,0
218,İlk Şiiri - Ümit Yaşar Oğuzcan,https://www.antoloji.com/ilk-5-siiri/,,,,Belirsiz,0,0
219,Neden Sonra Şiiri - Ümit Yaşar Oğuzcan,https://www.antoloji.com/neden-sonra-siiri/,,,,Belirsiz,0,0
220,Ümit Şiiri - Ümit Yaşar Oğuzcan,https://www.antoloji.com/umit-125-siiri/,,,,Belirsiz,0,0
221,Bir Çıkmaz Sokakta Şiiri - Ümit Yaşar Oğ ...,https://www.antoloji.com/bir-cikmaz-sokakta-siiri/,,,,Belirsiz,0,0
222,Düşüle Gerçek Arasında,https://www.antoloji.com/dusule-gercek-arasinda-siiri/,,,,Belirsiz,0,0
223,Çigan Gözler Şiiri - Ümit Yaşar Oğuzcan,https://www.antoloji.com/cigan-gozler-siiri/,,,,Belirsiz,0,0
224,Serseri Kurşun Şiiri - Ümit Yaşar Oğuzcan,https://www.antoloji.com/serseri-kursun-siiri/,,,,Belirsiz,0,0
225,İnsanoğlu Şiiri - Ümit Yaşar Oğuzcan,https://www.antoloji.com/insanoglu-2-siiri/,,,,Belirsiz,0,0
226,Takvimli Saat Şiiri - Ümit Yaşar Oğuzcan,https://www.antoloji.com/takvimli-saat-siiri/,,,,Belirsiz,0,0
227,Sevmek Şiiri - Ümit Yaşar Oğuzcan,https://www.antoloji.com/sevmek-4-siiri/,,,,Belirsiz,0,0
228,Yokluğunda İçimin Karanlığı Eksilmez,https://www.antoloji.com/yoklugunda-icimin-karanligi-eksilmez-siiri/,,,,Belirsiz,0,0
229,Derinlerde Şiiri - Ümit Yaşar Oğuzcan,https://www.antoloji.com/derinlerde-siiri/,,,,Belirsiz,0,0
230,Çok Geç Şiiri - Ümit Yaşar Oğuzcan,https://www.antoloji.com/cok-gec-2-siiri/,,,,Belirsiz,0,0
231,Korku Şiiri - Ümit Yaşar Oğuzcan,https://www.antoloji.com/korku-20-siiri/,,,,Belirsiz,0,0
232,Bitmeyen Sarhoşluk Şiiri - Ümit Yaşar Oğ ...,https://www.antoloji.com/bitmeyen-sarhosluk-siiri/,,,,Belirsiz,0,0
233,Umutların Bittiği Yerde,https://www.antoloji.com/umutlarin-bittigi-yerde-siiri/,,,,Belirsiz,0,0
234,Yorgun Savaşçının Şiiri,https://www.antoloji.com/yorgun-savascinin-siiri-siiri/,,,,Belirsiz,0,0
235,Yabancı Şiiri - Ümit Yaşar Oğuzcan,https://www.antoloji.com/yabanci-4-siiri/,,,,Belirsiz,0,0
236,Gidişin Şiiri - Ümit Yaşar Oğuzcan,https://www.antoloji.com/gidisin-2-siiri/,,,,Belirsiz,0,0
237,Yarınlarda Şiiri - Ümit Yaşar Oğuzcan,https://www.antoloji.com/yarinlarda-2-siiri/,,,,Belirsiz,0,0
238,Ötesi Yok Şiiri - Ümit Yaşar Oğuzcan,https://www.antoloji.com/otesi-yok-siiri/,,,,Belirsiz,0,0
239,Serenad II Şiiri - Ümit Yaşar Oğuzcan,https://www.antoloji.com/serenad-ii-siiri/,,,,Belirsiz,0,0
240,Ben Yine Geleceğim Şiiri - Ümit Yaşar Oğ ...,https://www.antoloji.com/ben-yine-gelecegim-siiri/,,,,Belirsiz,0,0
241,Türk İnsanlığı Şiiri - Önder Karaçay,https://www.antoloji.com/turk-insanligi-siiri/,,E-Kitap,,Belirsiz,0,0
242,Yaşam İnsana Ektiğini Biçtirir,https://www.antoloji.com/yasam-insana-ektigini-bictirir-siiri/,,E-Kitap,,Belirsiz,0,0
243,Kutlu olsun Şiiri - Ahmet Arslan Hadimi,https://www.antoloji.com/kutlu-olsun-79-siiri/,,,,Belirsiz,0,0
244,Sensiz Şehirler Şiiri - Kudret Kobal,https://www.antoloji.com/sensiz-sehir-7-siiri/,,E-Kitap,,Belirsiz,0,0
245,Davet*,https://www.antoloji.com/davet-300-siiri/,,,,Belirsiz,0,0
246,Ümit Dünyası Şiiri - Ümit Yaşar Oğuzcan,https://www.antoloji.com/umit-dunyasi-siiri/,,,,Belirsiz,0,0
247,Ölümlü Dünya Şiiri - Ümit Yaşar Oğuzcan,https://www.antoloji.com/olumlu-dunya-siiri/,,,,Belirsiz,0,0
248,Tesbih Şiiri - Ümit Yaşar Oğuzcan,https://www.antoloji.com/tesbih-siiri/,,,,Belirsiz,0,0
249,Sevenler İçin Şiiri - Ümit Yaşar Oğuzcan,https://www.antoloji.com/sevenler-icin-siiri/,,,,Belirsiz,0,0
250,Mersin'de Şiiri - Ümit Yaşar Oğuzcan,https://www.antoloji.com/mersin-de-siiri/,,,,Belirsiz,0,0
251,Birinci Mektup Şiiri - Ümit Yaşar Oğuzcan,https://www.antoloji.com/birinci-mektup-siiri/,,,,Belirsiz,0,0
252,Uzuyor Yıllar Gibi Dakikalar Sen Yoksan,https://www.antoloji.com/uzuyor-yillar-gibi-dakikalar-sen-yoksan-siiri/,,,,Belirsiz,0,0
253,Hatırlar Mısın Şiiri - Ümit Yaşar Oğuzcan,https://www.antoloji.com/hatirlar-misin-siiri/,,,,Belirsiz,0,0
254,Giden Gençliğe Şiiri - Ümit Yaşar Oğuzcan,https://www.antoloji.com/giden-genclige-siiri/,,,,Belirsiz,0,0
255,Zaman Şiiri - Ümit Yaşar Oğuzcan,https://www.antoloji.com/zaman-24-siiri/,,,,Belirsiz,0,0
256,Değişik Zamanlar Şiiri - Ümit Yaşar Oğuzcan,https://www.antoloji.com/degisik-zamanlar-siiri/,,,,Belirsiz,0,0
257,Şaşırtmaca Şiiri - Ümit Yaşar Oğuzcan,https://www.antoloji.com/sasirtmaca-siiri/,,,,Belirsiz,0,0
258,Doremifa Şiiri - Ümit Yaşar Oğuzcan,https://www.antoloji.com/doremifa-siiri/,,,,Belirsiz,0,0
259,Faruk Nafiz Çamlıbel,https://www.antoloji.com/faruk-nafiz-camlibel-siiri/,,,,Belirsiz,0,0
260,Ölülerin Gözyaşı Şiiri - Ümit Yaşar Oğuzcan,https://www.antoloji.com/olulerin-gozyasi-siiri/,,,,Belirsiz,0,0
261,Güller Ağlar İçimde,https://www.antoloji.com/guller-aglar-icimde-siiri/,,,,Belirsiz,0,0
262,Bu Şehrin Sokakları,https://www.antoloji.com/bu-sehrin-sokaklari-siiri/,,,,Belirsiz,0,0
263,Ses Duvarı Şiiri - Ümit Yaşar Oğuzcan,https://www.antoloji.com/ses-duvari-siiri/,,,,Belirsiz,0,0
264,Musiki Şiiri - Ümit Yaşar Oğuzcan,https://www.antoloji.com/musiki-siiri/,,,,Belirsiz,0,0
265,Yalnız Kadınlar Şiiri - Ümit Yaşar Oğuzcan,https://www.antoloji.com/yalniz-kadinlar-siiri/,,,,Belirsiz,0,0
266,Ölüme Gazel Şiiri - Ümit Yaşar Oğuzcan,https://www.antoloji.com/olume-gazel-siiri/,,,,Belirsiz,0,0
267,Teselli Şiiri - Ümit Yaşar Oğuzcan,https://www.antoloji.com/teselli-7-siiri/,,,,Belirsiz,0,0
268,Çirkin Kadınlar Şiiri - Ümit Yaşar Oğuzcan,https://www.antoloji.com/cirkin-kadinlar-siiri/,,,,Belirsiz,0,0
269,İhtiras Şiiri - Ümit Yaşar Oğuzcan,https://www.antoloji.com/ihtiras-siiri/,,,,Belirsiz,0,0
270,Güneyin Ağustosları,https://www.antoloji.com/guneyin-agustoslari-siiri/,,,,Belirsiz,0,0
271,Yanan Gül Şiiri - Ümit Yaşar Oğuzcan,https://www.antoloji.com/yanan-gul-siiri/,,,,Belirsiz,0,0
272,Yalnızlığa Sone Şiiri - Ümit Yaşar Oğuzcan,https://www.antoloji.com/yalnizliga-sone-siiri/,,,,Belirsiz,0,0
273,Üç Şiiri - Ümit Yaşar Oğuzcan,https://www.antoloji.com/uc-2-siiri/,,,,Belirsiz,0,0
274,Karanlıklar Üstüne Şiiri - Ümit Yaşar Oğ ...,https://www.antoloji.com/karanliklar-ustune-siiri/,,,,Belirsiz,0,0
275,Sensizliğe Sone Şiiri - Ümit Yaşar Oğuzcan,https://www.antoloji.com/sensizlige-sone-siiri/,,,,Belirsiz,0,0
276,Türk İnsanlığı Şiiri - Önder Karaçay,https://www.antoloji.com/turk-insanligi-siiri/,,E-Kitap,,Belirsiz,0,0
277,Yaşam İnsana Ektiğini Biçtirir,https://www.antoloji.com/yasam-insana-ektigini-bictirir-siiri/,,E-Kitap,,Belirsiz,0,0
278,Kutlu olsun Şiiri - Ahmet Arslan Hadimi,https://www.antoloji.com/kutlu-olsun-79-siiri/,,,,Belirsiz,0,0
279,Sensiz Şehirler Şiiri - Kudret Kobal,https://www.antoloji.com/sensiz-sehir-7-siiri/,,E-Kitap,,Belirsiz,0,0
280,Davet*,https://www.antoloji.com/davet-300-siiri/,,,,Belirsiz,0,0
281,Deli Olmak İşten Değil,https://www.antoloji.com/deli-olmak-isten-degil-siiri/,,,,Belirsiz,0,0
282,Orası Şiiri - Ümit Yaşar Oğuzcan,https://www.antoloji.com/orasi-siiri/,,,,Belirsiz,0,0
283,Niğde'den Şiiri - Ümit Yaşar Oğuzcan,https://www.antoloji.com/nigde-den-siiri/,,,,Belirsiz,0,0
284,Yarınlara Açılan Pencere,https://www.antoloji.com/yarinlara-acilan-pencere-siiri/,,,,Belirsiz,0,0
285,Kıskanç Şiiri - Ümit Yaşar Oğuzcan,https://www.antoloji.com/kiskanc-siiri/,,,,Belirsiz,0,0
286,Yalnızlığı Kadınların,https://www.antoloji.com/yalnizligi-kadinlarin-siiri/,,,,Belirsiz,0,0
287,Yeniden Geliş Şiiri - Ümit Yaşar Oğuzcan,https://www.antoloji.com/yeniden-gelis-siiri/,,,,Belirsiz,0,0
288,Rıhtıma Dönüş Şiiri - Ümit Yaşar Oğuzcan,https://www.antoloji.com/rihtima-donus-siiri/,,,,Belirsiz,0,0
289,Kral Sofrası Şiiri - Ümit Yaşar Oğuzcan,https://www.antoloji.com/kral-sofrasi-siiri/,,,,Belirsiz,0,0
290,Sonbahar Düşünceleri,https://www.antoloji.com/sonbahar-dusunceleri-siiri/,,,,Belirsiz,0,0
291,Karşılama Şiiri - Ümit Yaşar Oğuzcan,https://www.antoloji.com/karsilama-siiri/,,,,Belirsiz,0,0
292,Hatırlama Şiiri - Ümit Yaşar Oğuzcan,https://www.antoloji.com/hatirlama-siiri/,,,,Belirsiz,0,0
293,Bitişik Şiiri - Ümit Yaşar Oğuzcan,https://www.antoloji.com/bitisik-siiri/,,,,Belirsiz,0,0
294,Yıkılış Şiiri - Ümit Yaşar Oğuzcan,https://www.antoloji.com/yikilis-2-siiri/,,,,Belirsiz,0,0
295,Gün Batımı Şiiri - Ümit Yaşar Oğuzcan,https://www.antoloji.com/gun-batimi-2-siiri/,,,,Belirsiz,0,0
296,Ümitlerin Ölümü Şiiri - Ümit Yaşar Oğuzcan,https://www.antoloji.com/umitlerin-olumu-siiri/,,,,Belirsiz,0,0
297,Unutulmuş Adam Şiiri - Ümit Yaşar Oğuzcan,https://www.antoloji.com/unutulmus-adam-siiri/,,,,Belirsiz,0,0
298,Toprak Olmaz Bende Tenden Başkası,https://www.antoloji.com/toprak-olmaz-bende-tenden-baskasi-siiri/,,,,Belirsiz,0,0
299,Orhan Veli'nin Ardından,https://www.antoloji.com/orhan-veli-nin-ardindan-siiri/,,,,Belirsiz,0,0
300,Darağacı Şiiri - Ümit Yaşar Oğuzcan,https://www.antoloji.com/daragaci-siiri/,,,,Belirsiz,0,0
301,Parasız Şiiri - Ümit Yaşar Oğuzcan,https://www.antoloji.com/parasiz-siiri/,,,,Belirsiz,0,0
302,Kaside Şiiri - Ümit Yaşar Oğuzcan,https://www.antoloji.com/kaside-3-siiri/,,,,Belirsiz,0,0
303,Ne Demek Şiiri - Ümit Yaşar Oğuzcan,https://www.antoloji.com/ne-demek-siiri/,,,,Belirsiz,0,0
304,Gidene Sone Şiiri - Ümit Yaşar Oğuzcan,https://www.antoloji.com/gidene-sone-siiri/,,,,Belirsiz,0,0
305,Ustura Şiiri - Ümit Yaşar Oğuzcan,https://www.antoloji.com/ustura-siiri/,,,,Belirsiz,0,0
306,Lale Devri Şiiri - Ümit Yaşar Oğuzcan,https://www.antoloji.com/lale-devri-siiri/,,,,Belirsiz,0,0
307,Bu Şehrin Mezarları,https://www.antoloji.com/bu-sehrin-mezarlari-siiri/,,,,Belirsiz,0,0
308,Fal Şiiri - Ümit Yaşar Oğuzcan,https://www.antoloji.com/fal-3-siiri/,,,,Belirsiz,0,0
309,Nesli Tükenmiş Şiiri - Ümit Yaşar Oğuzcan,https://www.antoloji.com/nesli-tukenmis-siiri/,,,,Belirsiz,0,0
310,Bir Günü Yaşamak Şiiri - Ümit Yaşar Oğuzcan,https://www.antoloji.com/bir-gunu-yasamak-siiri/,,,,Belirsiz,0,0
311,Türk İnsanlığı Şiiri - Önder Karaçay,https://www.antoloji.com/turk-insanligi-siiri/,,E-Kitap,,Belirsiz,0,0
312,Yaşam İnsana Ektiğini Biçtirir,https://www.antoloji.com/yasam-insana-ektigini-bictirir-siiri/,,E-Kitap,,Belirsiz,0,0
313,Kutlu olsun Şiiri - Ahmet Arslan Hadimi,https://www.antoloji.com/kutlu-olsun-79-siiri/,,,,Belirsiz,0,0
314,Sensiz Şehirler Şiiri - Kudret Kobal,https://www.antoloji.com/sensiz-sehir-7-siiri/,,E-Kitap,,Belirsiz,0,0
315,Davet*,https://www.antoloji.com/davet-300-siiri/,,,,Belirsiz,0,0
316,Bir İki Üç Şiiri - Ümit Yaşar Oğuzcan,https://www.antoloji.com/bir-iki-uc-siiri/,,,,Belirsiz,0,0
317,Do Minör Daktilo Konçertosu,https://www.antoloji.com/do-minor-daktilo-koncertosu-siiri/,,,,Belirsiz,0,0
318,Kekeme Şiiri - Ümit Yaşar Oğuzcan,https://www.antoloji.com/kekeme-2-siiri/,,,,Belirsiz,0,0
319,Karanlık Dünya Şiiri - Ümit Yaşar Oğuzcan,https://www.antoloji.com/karanlik-dunya-siiri/,,,,Belirsiz,0,0
320,Potasyum Siyanür Şiiri - Ümit Yaşar Oğuzcan,https://www.antoloji.com/potasyum-siyanur-siiri/,,,,Belirsiz,0,0
321,Yaşayanlar İçin Şiiri - Ümit Yaşar Oğuzcan,https://www.antoloji.com/yasayanlar-icin-siiri/,,,,Belirsiz,0,0
322,Yitik Şiiri - Ümit Yaşar Oğuzcan,https://www.antoloji.com/yitik-siiri/,,,,Belirsiz,0,0
323,Sevenin Ömrü Bitmez,https://www.antoloji.com/sevenin-omru-bitmez-siiri/,,,,Belirsiz,0,0
324,Kim bilir Şiiri - Ümit Yaşar Oğuzcan,https://www.antoloji.com/kim-bilir-siiri/,,,,Belirsiz,0,0
325,Ressam Şiiri - Ümit Yaşar Oğuzcan,https://www.antoloji.com/ressam-siiri/,,,,Belirsiz,0,0
326,Kaldırım Çocuğu Yüreğim,https://www.antoloji.com/kaldirim-cocugu-yuregim-siiri/,,,,Belirsiz,0,0
327,Maria Vetsera Şiiri - Ümit Yaşar Oğuzcan,https://www.antoloji.com/maria-vetsera-siiri/,,,,Belirsiz,0,0
328,Orada Şiiri - Ümit Yaşar Oğuzcan,https://www.antoloji.com/orada-2-siiri/,,,,Belirsiz,0,0
329,Hatırla Şiiri - Ümit Yaşar Oğuzcan,https://www.antoloji.com/hatirla-siiri/,,,,Belirsiz,0,0
330,Siyah Mermer İşleyenler,https://www.antoloji.com/siyah-mermer-isleyenler-siiri/,,,,Belirsiz,0,0
331,Mavi Şiiri - Ümit Yaşar Oğuzcan,https://www.antoloji.com/mavi-10-siiri/,,,,Belirsiz,0,0
332,To Be Or Not To Be Şiiri - Ümit Yaşar Oğ ...,https://www.antoloji.com/to-be-or-not-to-be-siiri/,,,,Belirsiz,0,0
333,Resimler Şiiri - Ümit Yaşar Oğuzcan,https://www.antoloji.com/resimler-siiri/,,,,Belirsiz,0,0
334,Resim Şiiri - Ümit Yaşar Oğuzcan,https://www.antoloji.com/resim-4-siiri/,,,,Belirsiz,0,0
335,Uzak Işıklar Şiiri - Ümit Yaşar Oğuzcan,https://www.antoloji.com/uzak-isiklar-siiri/,,,,Belirsiz,0,0
336,Kanser Şiiri - Ümit Yaşar Oğuzcan,https://www.antoloji.com/kanser-siiri/,,,,Belirsiz,0,0
337,Her Sabah Seninle Başlar,https://www.antoloji.com/her-sabah-seninle-baslar-siiri/,,,,Belirsiz,0,0
338,Kan Denizi Şiiri - Ümit Yaşar Oğuzcan,https://www.antoloji.com/kan-denizi-siiri/,,,,Belirsiz,0,0
339,Mahşer Günü Şiiri - Ümit Yaşar Oğuzcan,https://www.antoloji.com/mahser-gunu-siiri/,,,,Belirsiz,0,0
340,Karanlıkta Erimek Şiiri - Ümit Yaşar Oğu ...,https://www.antoloji.com/karanlikta-erimek-siiri/,,,,Belirsiz,0,0
341,Kirli Çağ Şiiri - Ümit Yaşar Oğuzcan,https://www.antoloji.com/kirli-cag-siiri/,,,,Belirsiz,0,0
342,Kırmızı Fener Şiiri - Ümit Yaşar Oğuzcan,https://www.antoloji.com/kirmizi-fener-siiri/,,,,Belirsiz,0,0
343,Böyledir Akşamları İstanbul'un,https://www.antoloji.com/boyledir-aksamlari-istanbul-un-siiri/,,,,Belirsiz,0,0
344,Alışkanlık Şiiri - Ümit Yaşar Oğuzcan,https://www.antoloji.com/aliskanlik-76-siiri/,,,,Belirsiz,0,0
345,Mustafa Kemal'i Düşünüyorum,https://www.antoloji.com/mustafa-kemal-i-dusunuyorum-3-siiri/,,,,Belirsiz,0,0
346,Türk İnsanlığı Şiiri - Önder Karaçay,https://www.antoloji.com/turk-insanligi-siiri/,,E-Kitap,,Belirsiz,0,0
347,Yaşam İnsana Ektiğini Biçtirir,https://www.antoloji.com/yasam-insana-ektigini-bictirir-siiri/,,E-Kitap,,Belirsiz,0,0
348,Kutlu olsun Şiiri - Ahmet Arslan Hadimi,https://www.antoloji.com/kutlu-olsun-79-siiri/,,,,Belirsiz,0,0
349,Sensiz Şehirler Şiiri - Kudret Kobal,https://www.antoloji.com/sensiz-sehir-7-siiri/,,E-Kitap,,Belirsiz,0,0
350,Davet*,https://www.antoloji.com/davet-300-siiri/,,,,Belirsiz,0,0
